Trip..Duration,Start.Station.Id,Start.Time,End.Station.Id,End.Time,User.Type,Long_Trip
222,7238,12/01/2021 02:56,7662,12/01/2021 03:00,Annual Member,No
348,7163,12/01/2021 07:42,7293,12/01/2021 07:48,Annual Member,No
467,7246,12/01/2021 08:33,7293,12/01/2021 08:41,Annual Member,No
1055,7158,12/01/2021 08:37,7293,12/01/2021 08:54,Annual Member,Yes
635,7372,12/01/2021 08:41,7293,12/01/2021 08:51,Annual Member,No
253,7285,12/01/2021 08:44,7293,12/01/2021 08:48,Annual Member,No
635,7042,12/01/2021 08:52,7293,12/01/2021 09:02,Annual Member,No
399,7199,12/01/2021 08:56,7293,12/01/2021 09:03,Annual Member,No
715,7114,12/01/2021 09:02,7293,12/01/2021 09:14,Annual Member,No
441,7281,12/01/2021 09:03,7293,12/01/2021 09:11,Annual Member,No
832,7073,12/01/2021 09:04,7293,12/01/2021 09:18,Annual Member,No
1027,7642,12/01/2021 09:22,7293,12/01/2021 09:39,Casual Member,Yes
291,7543,12/01/2021 09:36,7293,12/01/2021 09:41,Annual Member,No
622,7055,12/01/2021 09:41,7293,12/01/2021 09:51,Casual Member,No
195,7190,12/01/2021 09:47,7293,12/01/2021 09:51,Annual Member,No
2,7002,12/01/2021 09:51,7107,12/01/2021 09:52,Annual Member,No
84,7365,12/01/2021 10:37,7428,12/01/2021 10:38,Annual Member,No
604,7121,12/01/2021 11:08,7293,12/01/2021 11:18,Annual Member,No
2137,7150,12/01/2021 11:10,7293,12/01/2021 11:46,Annual Member,Yes
523,7281,12/01/2021 12:03,7293,12/01/2021 12:12,Annual Member,No
1001,7354,12/01/2021 12:18,7428,12/01/2021 12:35,Casual Member,Yes
989,7354,12/01/2021 12:18,7428,12/01/2021 12:35,Casual Member,Yes
119,7136,12/01/2021 12:31,7662,12/01/2021 12:33,Annual Member,No
434,7022,12/01/2021 12:49,7293,12/01/2021 12:56,Annual Member,No
763,7209,12/01/2021 12:59,7293,12/01/2021 13:12,Annual Member,No
362,7666,12/01/2021 13:00,7662,12/01/2021 13:06,Annual Member,No
1236,7072,12/01/2021 13:15,7662,12/01/2021 13:36,Annual Member,Yes
441,7457,12/01/2021 13:51,7293,12/01/2021 13:58,Annual Member,No
462,7389,12/01/2021 13:53,7293,12/01/2021 14:01,Annual Member,No
419,7131,12/01/2021 14:04,7293,12/01/2021 14:11,Annual Member,No
235,7006,12/01/2021 14:35,7293,12/01/2021 14:39,Annual Member,No
269,7543,12/01/2021 14:50,7293,12/01/2021 14:54,Annual Member,No
883,7343,12/01/2021 14:55,7428,12/01/2021 15:09,Casual Member,No
438,7055,12/01/2021 14:57,7293,12/01/2021 15:04,Annual Member,No
544,7247,12/01/2021 15:05,7249,12/01/2021 15:14,Annual Member,No
630,7483,12/01/2021 15:08,7428,12/01/2021 15:19,Annual Member,No
251,7647,12/01/2021 15:09,7293,12/01/2021 15:14,Annual Member,No
825,7259,12/01/2021 15:30,7293,12/01/2021 15:44,Casual Member,No
411,7148,12/01/2021 16:03,7662,12/01/2021 16:10,Casual Member,No
1322,7263,12/01/2021 16:09,7249,12/01/2021 16:31,Annual Member,Yes
1090,7047,12/01/2021 16:13,7338,12/01/2021 16:31,Annual Member,Yes
634,7005,12/01/2021 16:37,7293,12/01/2021 16:48,Casual Member,No
353,7066,12/01/2021 16:44,7293,12/01/2021 16:50,Annual Member,No
418,7002,12/01/2021 16:47,7293,12/01/2021 16:54,Annual Member,No
536,7270,12/01/2021 16:49,7293,12/01/2021 16:58,Annual Member,No
1148,7357,12/01/2021 16:57,7338,12/01/2021 17:16,Casual Member,Yes
643,7429,12/01/2021 17:06,7428,12/01/2021 17:17,Annual Member,No
391,7089,12/01/2021 17:20,7293,12/01/2021 17:26,Casual Member,No
0,7418,12/01/2021 17:41,7107,12/01/2021 17:41,Annual Member,No
306,7199,12/01/2021 17:42,7293,12/01/2021 17:47,Annual Member,No
2,7246,12/01/2021 18:17,7107,12/01/2021 18:17,Annual Member,No
509,7002,12/01/2021 18:29,7293,12/01/2021 18:38,Annual Member,No
2,7287,12/01/2021 18:34,7107,12/01/2021 18:34,Casual Member,No
377,7199,12/01/2021 18:53,7293,12/01/2021 18:59,Annual Member,No
2,7005,12/01/2021 19:12,7107,12/01/2021 19:12,Annual Member,No
287,7204,12/01/2021 19:18,7249,12/01/2021 19:23,Casual Member,No
589,7001,12/01/2021 20:15,7293,12/01/2021 20:25,Annual Member,No
762,7172,12/01/2021 20:18,7249,12/01/2021 20:31,Annual Member,No
224,7346,12/01/2021 20:31,7338,12/01/2021 20:34,Casual Member,No
393,7337,12/01/2021 20:46,7338,12/01/2021 20:52,Casual Member,No
433,7094,12/01/2021 21:43,7338,12/01/2021 21:51,Casual Member,No
521,7049,12/01/2021 21:47,7293,12/01/2021 21:56,Annual Member,No
782,7042,12/01/2021 22:08,7293,12/01/2021 22:21,Annual Member,No
2275,7008,12/01/2021 22:16,7662,12/01/2021 22:54,Annual Member,Yes
564,7035,12/01/2021 22:52,7662,12/01/2021 23:01,Annual Member,No
214,7238,12/02/2021 02:54,7662,12/02/2021 02:58,Annual Member,No
703,7246,12/02/2021 08:23,7293,12/02/2021 08:34,Annual Member,No
1249,7209,12/02/2021 08:32,7293,12/02/2021 08:53,Annual Member,Yes
725,7534,12/02/2021 08:45,7293,12/02/2021 08:57,Annual Member,No
418,7544,12/02/2021 08:49,7293,12/02/2021 08:56,Casual Member,No
737,7042,12/02/2021 08:53,7293,12/02/2021 09:05,Annual Member,No
455,7273,12/02/2021 08:59,7293,12/02/2021 09:06,Annual Member,No
866,7073,12/02/2021 09:06,7293,12/02/2021 09:21,Annual Member,No
246,7285,12/02/2021 10:45,7293,12/02/2021 10:49,Annual Member,No
771,7452,12/02/2021 10:49,7293,12/02/2021 11:02,Casual Member,No
225,7066,12/02/2021 12:07,7293,12/02/2021 12:11,Annual Member,No
814,7568,12/02/2021 12:19,7249,12/02/2021 12:33,Annual Member,No
518,7419,12/02/2021 12:55,7293,12/02/2021 13:03,Annual Member,No
391,7544,12/02/2021 13:01,7293,12/02/2021 13:08,Annual Member,No
413,7030,12/02/2021 13:08,7293,12/02/2021 13:15,Annual Member,No
771,7150,12/02/2021 13:11,7293,12/02/2021 13:24,Annual Member,No
345,7257,12/02/2021 13:34,7293,12/02/2021 13:40,Annual Member,No
355,7027,12/02/2021 14:30,7293,12/02/2021 14:36,Annual Member,No
1939,7096,12/02/2021 14:48,7338,12/02/2021 15:20,Casual Member,Yes
285,7346,12/02/2021 15:52,7338,12/02/2021 15:56,Casual Member,No
1049,7149,12/02/2021 16:24,7249,12/02/2021 16:41,Annual Member,Yes
922,7053,12/02/2021 16:58,7107,12/02/2021 17:14,Casual Member,Yes
459,7148,12/02/2021 17:11,7662,12/02/2021 17:19,Casual Member,No
11202,7102,12/02/2021 17:12,7662,12/02/2021 20:18,Casual Member,Yes
248,7077,12/02/2021 17:16,7293,12/02/2021 17:21,Annual Member,No
779,7003,12/02/2021 17:18,7293,12/02/2021 17:31,Casual Member,No
732,7281,12/02/2021 17:45,7293,12/02/2021 17:57,Casual Member,No
691,7281,12/02/2021 17:45,7293,12/02/2021 17:57,Casual Member,No
337,7190,12/02/2021 17:47,7293,12/02/2021 17:53,Annual Member,No
722,7042,12/02/2021 17:51,7293,12/02/2021 18:03,Annual Member,No
535,7079,12/02/2021 17:56,7293,12/02/2021 18:05,Annual Member,No
705,7342,12/02/2021 18:13,7338,12/02/2021 18:25,Casual Member,No
385,7105,12/02/2021 18:20,7107,12/02/2021 18:27,Annual Member,No
372,7285,12/02/2021 18:48,7293,12/02/2021 18:55,Casual Member,No
1171,7072,12/02/2021 19:11,7662,12/02/2021 19:31,Annual Member,Yes
247,7093,12/02/2021 19:18,7338,12/02/2021 19:22,Annual Member,No
1720,7286,12/02/2021 20:02,7338,12/02/2021 20:31,Casual Member,Yes
1722,7286,12/02/2021 20:02,7338,12/02/2021 20:31,Casual Member,Yes
818,7675,12/02/2021 20:03,7662,12/02/2021 20:16,Annual Member,No
396,7226,12/02/2021 20:20,7662,12/02/2021 20:26,Annual Member,No
396,7020,12/02/2021 20:36,7293,12/02/2021 20:42,Annual Member,No
475,7021,12/02/2021 20:57,7293,12/02/2021 21:05,Annual Member,No
601,7023,12/02/2021 22:03,7249,12/02/2021 22:13,Casual Member,No
204,7006,12/02/2021 23:48,7293,12/02/2021 23:52,Annual Member,No
1057,7321,12/03/2021 06:47,7249,12/03/2021 07:04,Annual Member,Yes
390,7316,12/03/2021 07:51,7428,12/03/2021 07:58,Annual Member,No
489,7246,12/03/2021 08:31,7293,12/03/2021 08:39,Annual Member,No
948,7158,12/03/2021 08:33,7293,12/03/2021 08:49,Annual Member,Yes
768,7508,12/03/2021 08:45,7293,12/03/2021 08:58,Annual Member,No
248,7170,12/03/2021 08:49,7293,12/03/2021 08:54,Annual Member,No
317,7006,12/03/2021 08:53,7293,12/03/2021 08:58,Annual Member,No
332,7022,12/03/2021 08:55,7293,12/03/2021 09:00,Annual Member,No
675,7055,12/03/2021 09:02,7293,12/03/2021 09:13,Annual Member,No
705,7419,12/03/2021 09:07,7293,12/03/2021 09:19,Annual Member,No
300,7023,12/03/2021 09:09,7293,12/03/2021 09:14,Casual Member,No
1414,7327,12/03/2021 10:49,7293,12/03/2021 11:12,Annual Member,Yes
765,7357,12/03/2021 10:53,7338,12/03/2021 11:06,Annual Member,No
311,7162,12/03/2021 11:13,7293,12/03/2021 11:18,Annual Member,No
365,7030,12/03/2021 11:33,7293,12/03/2021 11:39,Annual Member,No
740,7184,12/03/2021 11:38,7293,12/03/2021 11:51,Annual Member,No
1329,7251,12/03/2021 12:04,7338,12/03/2021 12:26,Casual Member,Yes
351,7022,12/03/2021 13:20,7293,12/03/2021 13:25,Annual Member,No
1093,7103,12/03/2021 13:48,7428,12/03/2021 14:06,Annual Member,Yes
727,7653,12/03/2021 14:06,7662,12/03/2021 14:18,Casual Member,No
574,7273,12/03/2021 14:12,7293,12/03/2021 14:21,Annual Member,No
290,7273,12/03/2021 14:39,7293,12/03/2021 14:44,Annual Member,No
292,7198,12/03/2021 14:42,7662,12/03/2021 14:47,Annual Member,No
1592,7329,12/03/2021 14:51,7662,12/03/2021 15:17,Casual Member,Yes
315,7030,12/03/2021 14:55,7293,12/03/2021 15:00,Casual Member,No
1257,7412,12/03/2021 15:02,7662,12/03/2021 15:23,Casual Member,Yes
456,7544,12/03/2021 15:41,7293,12/03/2021 15:49,Annual Member,No
826,7344,12/03/2021 15:48,7107,12/03/2021 16:01,Casual Member,No
551,7009,12/03/2021 15:57,7107,12/03/2021 16:06,Annual Member,No
327,7077,12/03/2021 16:08,7293,12/03/2021 16:14,Annual Member,No
665,7523,12/03/2021 16:42,7662,12/03/2021 16:53,Casual Member,No
410,7103,12/03/2021 16:50,7338,12/03/2021 16:57,Annual Member,No
859,7005,12/03/2021 17:10,7107,12/03/2021 17:24,Annual Member,No
781,7452,12/03/2021 17:22,7293,12/03/2021 17:35,Annual Member,No
1441,7489,12/03/2021 17:47,7249,12/03/2021 18:11,Annual Member,Yes
406,7271,12/03/2021 17:58,7293,12/03/2021 18:05,Annual Member,No
427,7055,12/03/2021 18:07,7293,12/03/2021 18:15,Annual Member,No
200,7007,12/03/2021 18:17,7293,12/03/2021 18:21,Annual Member,No
811,7239,12/03/2021 18:30,7249,12/03/2021 18:44,Annual Member,No
1195,7198,12/03/2021 18:46,7293,12/03/2021 19:06,Annual Member,Yes
412,7399,12/03/2021 19:31,7107,12/03/2021 19:38,Annual Member,No
820,7157,12/03/2021 19:37,7249,12/03/2021 19:50,Annual Member,No
263,7030,12/03/2021 19:48,7293,12/03/2021 19:52,Annual Member,No
248,7006,12/03/2021 19:48,7293,12/03/2021 19:52,Annual Member,No
532,7148,12/03/2021 19:51,7662,12/03/2021 20:00,Annual Member,No
501,7155,12/03/2021 19:59,7293,12/03/2021 20:07,Annual Member,No
369,7094,12/03/2021 20:08,7338,12/03/2021 20:14,Casual Member,No
1370,7483,12/03/2021 20:15,7338,12/03/2021 20:38,Casual Member,Yes
639,7338,12/03/2021 23:25,7338,12/03/2021 23:36,Casual Member,No
519,7429,12/04/2021 00:13,7428,12/04/2021 00:21,Casual Member,No
336,7238,12/04/2021 01:38,7662,12/04/2021 01:44,Casual Member,No
1617,7457,12/04/2021 03:33,7662,12/04/2021 04:00,Annual Member,Yes
1212,7041,12/04/2021 07:27,7338,12/04/2021 07:47,Annual Member,Yes
574,7357,12/04/2021 07:37,7428,12/04/2021 07:46,Casual Member,No
1559,7526,12/04/2021 09:30,7662,12/04/2021 09:56,Annual Member,Yes
455,7001,12/04/2021 10:18,7293,12/04/2021 10:25,Casual Member,No
315,7006,12/04/2021 10:41,7293,12/04/2021 10:46,Annual Member,No
438,7124,12/04/2021 10:44,7338,12/04/2021 10:51,Annual Member,No
357,7104,12/04/2021 10:53,7107,12/04/2021 10:59,Annual Member,No
495,7055,12/04/2021 11:40,7293,12/04/2021 11:49,Casual Member,No
494,7028,12/04/2021 12:08,7293,12/04/2021 12:17,Casual Member,No
501,7281,12/04/2021 12:39,7293,12/04/2021 12:47,Annual Member,No
1467,7090,12/04/2021 12:44,7107,12/04/2021 13:09,Annual Member,Yes
1121,7601,12/04/2021 12:46,7107,12/04/2021 13:05,Annual Member,Yes
454,7273,12/04/2021 12:53,7293,12/04/2021 13:01,Annual Member,No
1231,7154,12/04/2021 13:19,7249,12/04/2021 13:39,Annual Member,Yes
372,7079,12/04/2021 13:32,7293,12/04/2021 13:38,Casual Member,No
326,7026,12/04/2021 13:45,7293,12/04/2021 13:50,Casual Member,No
553,7103,12/04/2021 13:46,7338,12/04/2021 13:55,Casual Member,No
327,7226,12/04/2021 14:11,7662,12/04/2021 14:17,Annual Member,No
740,7173,12/04/2021 14:24,7662,12/04/2021 14:36,Casual Member,No
741,7357,12/04/2021 14:32,7428,12/04/2021 14:44,Annual Member,No
982,7121,12/04/2021 15:06,7293,12/04/2021 15:22,Casual Member,Yes
150,7205,12/04/2021 15:19,7249,12/04/2021 15:22,Annual Member,No
704,7147,12/04/2021 15:35,7662,12/04/2021 15:46,Annual Member,No
764,7406,12/04/2021 15:35,7107,12/04/2021 15:48,Casual Member,No
746,7406,12/04/2021 15:35,7107,12/04/2021 15:48,Casual Member,No
702,7462,12/04/2021 15:41,7293,12/04/2021 15:53,Annual Member,No
856,7269,12/04/2021 15:43,7107,12/04/2021 15:58,Annual Member,No
139,7346,12/04/2021 16:34,7338,12/04/2021 16:36,Annual Member,No
363,7006,12/04/2021 16:37,7293,12/04/2021 16:43,Annual Member,No
1592,7148,12/04/2021 16:44,7662,12/04/2021 17:11,Casual Member,Yes
1073,7198,12/04/2021 17:29,7293,12/04/2021 17:47,Annual Member,Yes
441,7329,12/04/2021 17:47,7249,12/04/2021 17:54,Casual Member,No
1189,7569,12/04/2021 17:58,7107,12/04/2021 18:18,Annual Member,Yes
781,7152,12/04/2021 18:29,7249,12/04/2021 18:42,Casual Member,No
720,7152,12/04/2021 18:30,7249,12/04/2021 18:42,Casual Member,No
1190,7391,12/04/2021 18:33,7249,12/04/2021 18:53,Annual Member,Yes
352,7006,12/04/2021 18:40,7293,12/04/2021 18:46,Annual Member,No
360,7337,12/04/2021 18:45,7338,12/04/2021 18:51,Casual Member,No
402,7273,12/04/2021 18:50,7293,12/04/2021 18:57,Annual Member,No
476,7281,12/04/2021 18:54,7293,12/04/2021 19:02,Annual Member,No
1293,7483,12/04/2021 19:05,7338,12/04/2021 19:26,Casual Member,Yes
483,7193,12/04/2021 19:06,7662,12/04/2021 19:14,Annual Member,No
1846,7230,12/04/2021 19:10,7662,12/04/2021 19:41,Annual Member,Yes
206,7346,12/04/2021 19:36,7338,12/04/2021 19:39,Casual Member,No
543,7276,12/04/2021 20:06,7293,12/04/2021 20:16,Casual Member,No
335,7093,12/04/2021 20:51,7338,12/04/2021 20:56,Casual Member,No
1300,7102,12/04/2021 22:27,7662,12/04/2021 22:48,Annual Member,Yes
707,7345,12/04/2021 23:05,7107,12/04/2021 23:17,Annual Member,No
268,7002,12/04/2021 23:38,7293,12/04/2021 23:42,Annual Member,No
1031,7483,12/05/2021 00:38,7338,12/05/2021 00:55,Annual Member,Yes
939,7256,12/05/2021 07:00,7662,12/05/2021 07:16,Annual Member,Yes
919,7309,12/05/2021 08:39,7107,12/05/2021 08:54,Annual Member,Yes
1435,7515,12/05/2021 09:04,7662,12/05/2021 09:28,Annual Member,Yes
344,7271,12/05/2021 10:05,7293,12/05/2021 10:11,Casual Member,No
1318,7419,12/05/2021 10:07,7662,12/05/2021 10:29,Annual Member,Yes
558,7462,12/05/2021 10:15,7293,12/05/2021 10:24,Annual Member,No
884,7216,12/05/2021 10:29,7662,12/05/2021 10:44,Annual Member,No
258,7078,12/05/2021 11:16,7293,12/05/2021 11:21,Annual Member,No
1375,7418,12/05/2021 11:30,7338,12/05/2021 11:53,Annual Member,Yes
538,7333,12/05/2021 11:35,7107,12/05/2021 11:44,Annual Member,No
421,7329,12/05/2021 12:08,7249,12/05/2021 12:15,Casual Member,No
330,7163,12/05/2021 12:29,7293,12/05/2021 12:35,Casual Member,No
1849,7038,12/05/2021 12:38,7338,12/05/2021 13:09,Casual Member,Yes
602,7090,12/05/2021 13:28,7338,12/05/2021 13:38,Annual Member,No
343,7285,12/05/2021 14:34,7293,12/05/2021 14:40,Annual Member,No
1226,7026,12/05/2021 14:35,7293,12/05/2021 14:55,Casual Member,Yes
1380,7198,12/05/2021 14:50,7293,12/05/2021 15:13,Annual Member,Yes
719,7357,12/05/2021 15:16,7107,12/05/2021 15:28,Casual Member,No
255,7235,12/05/2021 15:16,7293,12/05/2021 15:21,Casual Member,No
448,7147,12/05/2021 16:15,7662,12/05/2021 16:22,Casual Member,No
1582,7432,12/05/2021 16:30,7338,12/05/2021 16:56,Casual Member,Yes
1572,7432,12/05/2021 16:30,7338,12/05/2021 16:56,Casual Member,Yes
377,7337,12/05/2021 16:41,7338,12/05/2021 16:47,Casual Member,No
1523,7019,12/05/2021 16:42,7662,12/05/2021 17:08,Annual Member,Yes
1159,7156,12/05/2021 17:09,7662,12/05/2021 17:28,Casual Member,Yes
390,7524,12/05/2021 17:35,7662,12/05/2021 17:42,Casual Member,No
591,7252,12/05/2021 18:16,7293,12/05/2021 18:26,Annual Member,No
256,7097,12/05/2021 18:59,7338,12/05/2021 19:03,Casual Member,No
112,7250,12/05/2021 20:19,7293,12/05/2021 20:21,Annual Member,No
1761,7356,12/06/2021 07:10,7662,12/06/2021 07:40,Annual Member,Yes
438,7273,12/06/2021 07:54,7293,12/06/2021 08:01,Annual Member,No
585,7260,12/06/2021 07:56,7293,12/06/2021 08:06,Annual Member,No
791,7209,12/06/2021 08:34,7293,12/06/2021 08:47,Annual Member,No
383,7273,12/06/2021 08:43,7293,12/06/2021 08:49,Annual Member,No
629,7042,12/06/2021 08:52,7293,12/06/2021 09:02,Annual Member,No
483,7055,12/06/2021 09:01,7293,12/06/2021 09:09,Casual Member,No
641,7114,12/06/2021 09:09,7293,12/06/2021 09:20,Annual Member,No
589,7002,12/06/2021 10:02,7293,12/06/2021 10:12,Annual Member,No
102,7365,12/06/2021 10:35,7428,12/06/2021 10:36,Annual Member,No
392,7544,12/06/2021 10:58,7293,12/06/2021 11:04,Annual Member,No
473,7544,12/06/2021 11:00,7293,12/06/2021 11:08,Annual Member,No
249,7078,12/06/2021 11:07,7293,12/06/2021 11:11,Annual Member,No
1084,7150,12/06/2021 11:32,7293,12/06/2021 11:50,Annual Member,Yes
432,7162,12/06/2021 11:45,7293,12/06/2021 11:53,Annual Member,No
366,7199,12/06/2021 12:13,7293,12/06/2021 12:19,Annual Member,No
267,7230,12/06/2021 12:15,7662,12/06/2021 12:19,Annual Member,No
431,7252,12/06/2021 12:43,7293,12/06/2021 12:50,Casual Member,No
357,7263,12/06/2021 13:01,7293,12/06/2021 13:07,Annual Member,No
256,7346,12/06/2021 13:02,7338,12/06/2021 13:06,Casual Member,No
374,7170,12/06/2021 13:05,7293,12/06/2021 13:11,Annual Member,No
225,7006,12/06/2021 13:05,7293,12/06/2021 13:09,Casual Member,No
523,7014,12/06/2021 13:59,7293,12/06/2021 14:08,Casual Member,No
406,7292,12/06/2021 14:23,7293,12/06/2021 14:30,Annual Member,No
293,7337,12/06/2021 14:47,7338,12/06/2021 14:52,Annual Member,No
353,7094,12/06/2021 15:26,7338,12/06/2021 15:32,Casual Member,No
534,7124,12/06/2021 15:56,7338,12/06/2021 16:05,Casual Member,No
557,7089,12/06/2021 16:33,7293,12/06/2021 16:42,Annual Member,No
425,7453,12/06/2021 17:05,7293,12/06/2021 17:12,Annual Member,No
284,7095,12/06/2021 17:24,7338,12/06/2021 17:28,Annual Member,No
3357,7299,12/06/2021 17:31,7662,12/06/2021 18:27,Annual Member,Yes
1368,7198,12/06/2021 17:32,7293,12/06/2021 17:55,Annual Member,Yes
971,7013,12/06/2021 18:42,7293,12/06/2021 18:58,Casual Member,Yes
249,7006,12/06/2021 19:01,7293,12/06/2021 19:05,Annual Member,No
192,7136,12/06/2021 23:31,7662,12/06/2021 23:34,Annual Member,No
352,7029,12/07/2021 08:26,7293,12/07/2021 08:32,Annual Member,No
1124,7237,12/07/2021 08:29,7662,12/07/2021 08:47,Annual Member,Yes
558,7399,12/07/2021 08:32,7107,12/07/2021 08:41,Annual Member,No
336,7667,12/07/2021 08:34,7293,12/07/2021 08:40,Annual Member,No
468,7292,12/07/2021 08:35,7293,12/07/2021 08:43,Annual Member,No
702,7042,12/07/2021 08:53,7293,12/07/2021 09:04,Annual Member,No
238,7190,12/07/2021 08:58,7293,12/07/2021 09:02,Annual Member,No
474,7014,12/07/2021 09:21,7293,12/07/2021 09:29,Annual Member,No
306,7389,12/07/2021 09:44,7293,12/07/2021 09:49,Casual Member,No
687,7267,12/07/2021 09:44,7293,12/07/2021 09:56,Annual Member,No
562,7281,12/07/2021 10:11,7293,12/07/2021 10:20,Annual Member,No
1391,7594,12/07/2021 10:39,7293,12/07/2021 11:02,Casual Member,Yes
608,7419,12/07/2021 10:42,7293,12/07/2021 10:53,Annual Member,No
703,7253,12/07/2021 10:56,7293,12/07/2021 11:08,Annual Member,No
339,7199,12/07/2021 12:27,7293,12/07/2021 12:32,Annual Member,No
87,7365,12/07/2021 12:59,7428,12/07/2021 13:00,Annual Member,No
560,7169,12/07/2021 13:29,7107,12/07/2021 13:38,Casual Member,No
402,7095,12/07/2021 13:58,7338,12/07/2021 14:05,Casual Member,No
581,7247,12/07/2021 15:05,7249,12/07/2021 15:15,Annual Member,No
735,7508,12/07/2021 16:26,7293,12/07/2021 16:38,Annual Member,No
1504,7382,12/07/2021 17:13,7338,12/07/2021 17:38,Annual Member,Yes
359,7238,12/07/2021 17:26,7662,12/07/2021 17:32,Annual Member,No
367,7094,12/07/2021 17:49,7338,12/07/2021 17:55,Casual Member,No
1284,7275,12/07/2021 18:13,7338,12/07/2021 18:34,Annual Member,Yes
882,7257,12/07/2021 18:30,7249,12/07/2021 18:44,Annual Member,No
191,7450,12/07/2021 18:44,7338,12/07/2021 18:47,Casual Member,No
1223,7198,12/07/2021 18:55,7293,12/07/2021 19:16,Annual Member,Yes
789,7104,12/07/2021 18:58,7338,12/07/2021 19:11,Annual Member,No
422,7316,12/08/2021 07:46,7428,12/08/2021 07:53,Annual Member,No
655,7205,12/08/2021 07:59,7293,12/08/2021 08:10,Annual Member,No
545,7206,12/08/2021 08:27,7293,12/08/2021 08:36,Casual Member,No
640,7463,12/08/2021 08:42,7293,12/08/2021 08:53,Annual Member,No
238,7047,12/08/2021 08:42,7293,12/08/2021 08:46,Annual Member,No
840,7042,12/08/2021 08:55,7293,12/08/2021 09:09,Annual Member,No
720,7497,12/08/2021 09:00,7662,12/08/2021 09:12,Annual Member,No
459,7055,12/08/2021 09:02,7293,12/08/2021 09:09,Casual Member,No
1175,7357,12/08/2021 12:41,7338,12/08/2021 13:00,Casual Member,Yes
293,7457,12/08/2021 13:05,7293,12/08/2021 13:10,Annual Member,No
161,7600,12/08/2021 13:08,7293,12/08/2021 13:10,Annual Member,No
496,7003,12/08/2021 16:40,7293,12/08/2021 16:48,Annual Member,No
1931,7033,12/08/2021 16:55,7338,12/08/2021 17:27,Casual Member,Yes
389,7217,12/08/2021 17:09,7293,12/08/2021 17:15,Annual Member,No
342,7199,12/08/2021 17:44,7293,12/08/2021 17:50,Annual Member,No
1279,7386,12/08/2021 17:56,7338,12/08/2021 18:17,Annual Member,Yes
1046,7205,12/08/2021 18:23,7293,12/08/2021 18:41,Annual Member,Yes
798,7126,12/08/2021 18:34,7293,12/08/2021 18:47,Casual Member,No
782,7126,12/08/2021 18:34,7293,12/08/2021 18:47,Casual Member,No
475,7069,12/08/2021 18:41,7293,12/08/2021 18:49,Annual Member,No
332,7030,12/08/2021 19:02,7293,12/08/2021 19:08,Casual Member,No
520,7148,12/08/2021 19:42,7662,12/08/2021 19:50,Annual Member,No
731,7114,12/08/2021 19:51,7338,12/08/2021 20:03,Annual Member,No
398,7525,12/08/2021 20:02,7662,12/08/2021 20:09,Annual Member,No
1531,7483,12/08/2021 20:07,7338,12/08/2021 20:32,Casual Member,Yes
526,7226,12/08/2021 20:12,7662,12/08/2021 20:21,Annual Member,No
867,7342,12/08/2021 22:15,7428,12/08/2021 22:29,Annual Member,No
314,7317,12/08/2021 23:45,7428,12/08/2021 23:50,Casual Member,No
1800,7069,12/08/2021 23:47,7662,12/09/2021 00:17,Casual Member,Yes
193,7235,12/09/2021 01:36,7293,12/09/2021 01:40,Annual Member,No
361,7315,12/09/2021 08:20,7428,12/09/2021 08:26,Annual Member,No
681,7127,12/09/2021 08:42,7293,12/09/2021 08:53,Annual Member,No
360,7292,12/09/2021 08:43,7293,12/09/2021 08:49,Annual Member,No
635,7042,12/09/2021 08:45,7293,12/09/2021 08:56,Annual Member,No
334,7002,12/09/2021 08:48,7293,12/09/2021 08:53,Annual Member,No
418,7548,12/09/2021 08:56,7293,12/09/2021 09:03,Annual Member,No
525,7281,12/09/2021 09:00,7293,12/09/2021 09:09,Annual Member,No
460,7548,12/09/2021 09:20,7293,12/09/2021 09:28,Annual Member,No
242,7250,12/09/2021 09:57,7293,12/09/2021 10:01,Annual Member,No
580,7001,12/09/2021 10:08,7293,12/09/2021 10:17,Casual Member,No
831,7419,12/09/2021 10:34,7293,12/09/2021 10:48,Annual Member,No
867,7483,12/09/2021 11:47,7338,12/09/2021 12:02,Casual Member,No
382,7055,12/09/2021 12:18,7293,12/09/2021 12:25,Casual Member,No
573,7544,12/09/2021 12:54,7293,12/09/2021 13:04,Annual Member,No
660,7091,12/09/2021 13:07,7338,12/09/2021 13:18,Annual Member,No
404,7548,12/09/2021 14:21,7293,12/09/2021 14:28,Casual Member,No
152,7007,12/09/2021 14:29,7293,12/09/2021 14:31,Annual Member,No
901,7053,12/09/2021 16:33,7107,12/09/2021 16:48,Casual Member,Yes
1231,7031,12/09/2021 17:12,7293,12/09/2021 17:33,Annual Member,Yes
2189,7057,12/09/2021 17:12,7428,12/09/2021 17:49,Casual Member,Yes
639,7256,12/09/2021 17:21,7249,12/09/2021 17:32,Annual Member,No
531,7035,12/09/2021 18:00,7662,12/09/2021 18:09,Casual Member,No
720,7140,12/09/2021 18:22,7293,12/09/2021 18:34,Casual Member,No
392,7217,12/09/2021 18:50,7293,12/09/2021 18:57,Annual Member,No
1247,7193,12/09/2021 18:53,7293,12/09/2021 19:14,Annual Member,Yes
1590,7053,12/09/2021 19:31,7107,12/09/2021 19:58,Annual Member,Yes
512,7155,12/09/2021 19:43,7293,12/09/2021 19:51,Annual Member,No
1198,7685,12/09/2021 21:35,7662,12/09/2021 21:55,Annual Member,Yes
125,7007,12/09/2021 21:57,7293,12/09/2021 21:59,Annual Member,No
1297,7333,12/10/2021 06:39,7662,12/10/2021 07:01,Annual Member,Yes
592,7648,12/10/2021 07:47,7293,12/10/2021 07:56,Annual Member,No
458,7079,12/10/2021 08:04,7293,12/10/2021 08:11,Annual Member,No
460,7399,12/10/2021 08:15,7107,12/10/2021 08:23,Annual Member,No
600,7281,12/10/2021 08:25,7293,12/10/2021 08:35,Annual Member,No
635,7419,12/10/2021 08:37,7293,12/10/2021 08:47,Annual Member,No
797,7158,12/10/2021 08:39,7293,12/10/2021 08:52,Annual Member,No
850,7073,12/10/2021 08:56,7293,12/10/2021 09:10,Annual Member,No
505,7385,12/10/2021 09:00,7293,12/10/2021 09:08,Casual Member,No
308,7003,12/10/2021 09:01,7293,12/10/2021 09:06,Annual Member,No
432,7079,12/10/2021 09:04,7293,12/10/2021 09:11,Annual Member,No
428,7001,12/10/2021 09:56,7293,12/10/2021 10:03,Casual Member,No
1396,7526,12/10/2021 12:23,7662,12/10/2021 12:47,Annual Member,Yes
251,7078,12/10/2021 12:51,7293,12/10/2021 12:55,Annual Member,No
1064,7357,12/10/2021 13:03,7338,12/10/2021 13:20,Casual Member,Yes
512,7147,12/10/2021 13:10,7662,12/10/2021 13:18,Annual Member,No
434,7453,12/10/2021 13:42,7293,12/10/2021 13:50,Annual Member,No
394,7387,12/10/2021 13:52,7338,12/10/2021 13:58,Annual Member,No
581,7027,12/10/2021 14:00,7249,12/10/2021 14:10,Annual Member,No
1279,7158,12/10/2021 14:23,7662,12/10/2021 14:45,Casual Member,Yes
415,7023,12/10/2021 14:32,7293,12/10/2021 14:39,Annual Member,No
1227,7406,12/10/2021 15:05,7107,12/10/2021 15:25,Annual Member,Yes
1342,7280,12/10/2021 15:08,7107,12/10/2021 15:31,Casual Member,Yes
1041,7569,12/10/2021 15:35,7662,12/10/2021 15:52,Annual Member,Yes
1185,7276,12/10/2021 15:38,7338,12/10/2021 15:57,Casual Member,Yes
290,7190,12/10/2021 15:44,7293,12/10/2021 15:49,Annual Member,No
1032,7043,12/10/2021 16:15,7107,12/10/2021 16:32,Annual Member,Yes
1702,7077,12/10/2021 16:16,7249,12/10/2021 16:45,Annual Member,Yes
1080,7263,12/10/2021 16:21,7338,12/10/2021 16:39,Annual Member,Yes
426,7164,12/10/2021 16:56,7293,12/10/2021 17:03,Annual Member,No
1210,7333,12/10/2021 17:39,7338,12/10/2021 17:59,Annual Member,Yes
401,7314,12/10/2021 17:41,7428,12/10/2021 17:47,Annual Member,No
1641,7156,12/10/2021 17:46,7662,12/10/2021 18:14,Annual Member,Yes
512,7226,12/10/2021 17:49,7662,12/10/2021 17:58,Annual Member,No
600,7198,12/10/2021 17:57,7249,12/10/2021 18:07,Casual Member,No
348,7271,12/10/2021 18:14,7293,12/10/2021 18:20,Annual Member,No
1627,7109,12/10/2021 18:14,7249,12/10/2021 18:41,Casual Member,Yes
292,7271,12/10/2021 18:16,7293,12/10/2021 18:21,Annual Member,No
303,7273,12/10/2021 18:17,7293,12/10/2021 18:22,Annual Member,No
328,7238,12/10/2021 18:23,7662,12/10/2021 18:28,Annual Member,No
1032,7667,12/10/2021 18:25,7293,12/10/2021 18:42,Annual Member,Yes
1006,7385,12/10/2021 18:27,7293,12/10/2021 18:44,Annual Member,Yes
1386,7346,12/10/2021 18:28,7428,12/10/2021 18:51,Annual Member,Yes
327,7238,12/10/2021 18:33,7662,12/10/2021 18:38,Annual Member,No
736,7127,12/10/2021 18:39,7293,12/10/2021 18:51,Annual Member,No
691,7127,12/10/2021 18:40,7293,12/10/2021 18:51,Annual Member,No
569,7656,12/10/2021 18:47,7249,12/10/2021 18:56,Casual Member,No
1432,7073,12/10/2021 18:54,7107,12/10/2021 19:18,Casual Member,Yes
842,7180,12/10/2021 19:27,7249,12/10/2021 19:41,Casual Member,No
566,7668,12/10/2021 19:46,7249,12/10/2021 19:55,Casual Member,No
1185,7239,12/10/2021 19:53,7662,12/10/2021 20:13,Annual Member,Yes
462,7148,12/10/2021 20:11,7662,12/10/2021 20:19,Annual Member,No
1443,7136,12/10/2021 20:20,7293,12/10/2021 20:44,Annual Member,Yes
375,7489,12/10/2021 20:23,7107,12/10/2021 20:29,Annual Member,No
354,7337,12/10/2021 20:32,7338,12/10/2021 20:38,Casual Member,No
538,7189,12/10/2021 20:44,7249,12/10/2021 20:53,Annual Member,No
1417,7427,12/10/2021 21:30,7338,12/10/2021 21:53,Casual Member,Yes
521,7281,12/10/2021 21:47,7293,12/10/2021 21:56,Annual Member,No
300,7170,12/10/2021 21:53,7293,12/10/2021 21:58,Annual Member,No
1741,7180,12/10/2021 23:05,7662,12/10/2021 23:34,Casual Member,Yes
842,7089,12/11/2021 00:25,7293,12/11/2021 00:39,Annual Member,No
822,7089,12/11/2021 00:25,7293,12/11/2021 00:39,Annual Member,No
1110,7542,12/11/2021 03:40,7662,12/11/2021 03:59,Annual Member,Yes
226,7274,12/11/2021 08:48,7293,12/11/2021 08:52,Casual Member,No
411,7544,12/11/2021 09:05,7293,12/11/2021 09:11,Casual Member,No
470,7001,12/11/2021 10:10,7293,12/11/2021 10:18,Casual Member,No
237,7207,12/11/2021 11:14,7249,12/11/2021 11:18,Casual Member,No
322,7078,12/11/2021 11:18,7293,12/11/2021 11:23,Annual Member,No
766,7111,12/11/2021 12:06,7662,12/11/2021 12:19,Casual Member,No
620,7344,12/11/2021 12:06,7107,12/11/2021 12:17,Annual Member,No
594,7055,12/11/2021 12:11,7293,12/11/2021 12:21,Casual Member,No
1779,7537,12/11/2021 12:15,7662,12/11/2021 12:45,Annual Member,Yes
863,7287,12/11/2021 12:18,7428,12/11/2021 12:33,Annual Member,No
848,7287,12/11/2021 12:18,7428,12/11/2021 12:33,Annual Member,No
1927,7330,12/11/2021 12:31,7107,12/11/2021 13:03,Annual Member,Yes
448,7544,12/11/2021 12:34,7293,12/11/2021 12:41,Annual Member,No
744,7104,12/11/2021 12:55,7338,12/11/2021 13:08,Annual Member,No
1699,7043,12/11/2021 13:18,7107,12/11/2021 13:46,Casual Member,Yes
1687,7043,12/11/2021 13:18,7107,12/11/2021 13:46,Casual Member,Yes
1929,7322,12/11/2021 13:27,7662,12/11/2021 13:59,Annual Member,Yes
1528,7199,12/11/2021 13:34,7338,12/11/2021 13:59,Annual Member,Yes
698,7311,12/11/2021 13:38,7293,12/11/2021 13:50,Annual Member,No
692,7311,12/11/2021 13:38,7293,12/11/2021 13:50,Casual Member,No
346,7026,12/11/2021 13:39,7293,12/11/2021 13:45,Casual Member,No
298,7002,12/11/2021 13:41,7293,12/11/2021 13:46,Annual Member,No
1419,7596,12/11/2021 14:03,7428,12/11/2021 14:27,Casual Member,Yes
263,7226,12/11/2021 14:19,7662,12/11/2021 14:23,Annual Member,No
92,7007,12/11/2021 14:59,7293,12/11/2021 15:01,Annual Member,No
1345,7548,12/11/2021 15:02,7107,12/11/2021 15:24,Annual Member,Yes
650,7526,12/11/2021 15:40,7249,12/11/2021 15:51,Annual Member,No
727,7475,12/11/2021 15:50,7107,12/11/2021 16:02,Annual Member,No
399,7399,12/11/2021 15:58,7107,12/11/2021 16:05,Annual Member,No
1599,7261,12/11/2021 16:43,7428,12/11/2021 17:10,Casual Member,Yes
1100,7354,12/11/2021 16:49,7107,12/11/2021 17:08,Annual Member,Yes
752,7055,12/11/2021 17:11,7293,12/11/2021 17:24,Annual Member,No
754,7148,12/11/2021 17:28,7662,12/11/2021 17:41,Casual Member,No
447,7252,12/11/2021 17:52,7293,12/11/2021 17:59,Annual Member,No
80,7365,12/11/2021 17:59,7428,12/11/2021 18:00,Annual Member,No
520,7662,12/11/2021 18:10,7662,12/11/2021 18:18,Annual Member,No
510,7273,12/11/2021 18:27,7293,12/11/2021 18:35,Casual Member,No
190,7274,12/11/2021 18:50,7293,12/11/2021 18:53,Casual Member,No
210,7600,12/11/2021 18:51,7293,12/11/2021 18:54,Annual Member,No
251,7094,12/11/2021 19:36,7338,12/11/2021 19:40,Casual Member,No
2307,7044,12/11/2021 19:37,7293,12/11/2021 20:15,Casual Member,Yes
1261,7198,12/11/2021 19:42,7293,12/11/2021 20:03,Annual Member,Yes
392,7095,12/11/2021 20:07,7338,12/11/2021 20:13,Annual Member,No
448,7548,12/11/2021 21:13,7293,12/11/2021 21:21,Annual Member,No
318,7030,12/11/2021 23:07,7293,12/11/2021 23:12,Annual Member,No
355,7491,12/11/2021 23:11,7293,12/11/2021 23:17,Casual Member,No
180,7136,12/11/2021 23:45,7662,12/11/2021 23:48,Annual Member,No
241,7230,12/12/2021 00:05,7662,12/12/2021 00:10,Annual Member,No
1095,7536,12/12/2021 00:45,7662,12/12/2021 01:04,Casual Member,Yes
1499,7515,12/12/2021 09:54,7662,12/12/2021 10:19,Annual Member,Yes
402,7092,12/12/2021 10:15,7338,12/12/2021 10:21,Annual Member,No
394,7092,12/12/2021 10:15,7338,12/12/2021 10:21,Annual Member,No
287,7491,12/12/2021 10:16,7293,12/12/2021 10:20,Annual Member,No
450,7345,12/12/2021 10:37,7107,12/12/2021 10:45,Annual Member,No
300,7093,12/12/2021 11:47,7338,12/12/2021 11:52,Casual Member,No
1795,7461,12/12/2021 12:07,7662,12/12/2021 12:37,Casual Member,Yes
1773,7461,12/12/2021 12:08,7662,12/12/2021 12:37,Casual Member,Yes
849,7148,12/12/2021 12:44,7249,12/12/2021 12:58,Casual Member,No
450,7147,12/12/2021 13:10,7662,12/12/2021 13:17,Annual Member,No
524,7292,12/12/2021 13:18,7293,12/12/2021 13:27,Annual Member,No
803,7042,12/12/2021 13:35,7293,12/12/2021 13:49,Annual Member,No
479,7346,12/12/2021 13:42,7338,12/12/2021 13:50,Casual Member,No
1055,7318,12/12/2021 13:49,7428,12/12/2021 14:07,Annual Member,Yes
138,7007,12/12/2021 14:14,7293,12/12/2021 14:17,Annual Member,No
441,7271,12/12/2021 14:40,7293,12/12/2021 14:48,Casual Member,No
1545,7040,12/12/2021 14:48,7662,12/12/2021 15:14,Annual Member,Yes
642,7281,12/12/2021 14:56,7293,12/12/2021 15:06,Annual Member,No
234,7066,12/12/2021 15:29,7293,12/12/2021 15:33,Annual Member,No
2255,7383,12/12/2021 15:58,7107,12/12/2021 16:36,Casual Member,Yes
278,7360,12/12/2021 16:09,7249,12/12/2021 16:14,Annual Member,No
799,7104,12/12/2021 16:12,7338,12/12/2021 16:26,Annual Member,No
357,7131,12/12/2021 16:38,7293,12/12/2021 16:44,Annual Member,No
490,7078,12/12/2021 16:48,7293,12/12/2021 16:56,Annual Member,No
770,7148,12/12/2021 16:48,7662,12/12/2021 17:01,Casual Member,No
380,7337,12/12/2021 16:52,7338,12/12/2021 16:59,Casual Member,No
810,7666,12/12/2021 17:15,7662,12/12/2021 17:29,Annual Member,No
499,7020,12/12/2021 18:06,7293,12/12/2021 18:14,Annual Member,No
187,7007,12/12/2021 18:09,7293,12/12/2021 18:12,Casual Member,No
470,7089,12/12/2021 18:17,7293,12/12/2021 18:25,Annual Member,No
1046,7452,12/12/2021 18:35,7293,12/12/2021 18:53,Casual Member,Yes
381,7261,12/12/2021 18:40,7107,12/12/2021 18:46,Annual Member,No
1836,7018,12/12/2021 19:38,7107,12/12/2021 20:08,Casual Member,Yes
1774,7018,12/12/2021 19:38,7107,12/12/2021 20:08,Casual Member,Yes
306,7023,12/12/2021 19:50,7293,12/12/2021 19:56,Annual Member,No
220,7346,12/12/2021 20:03,7338,12/12/2021 20:07,Casual Member,No
1201,7406,12/12/2021 20:06,7338,12/12/2021 20:26,Annual Member,Yes
1147,7198,12/12/2021 20:18,7293,12/12/2021 20:37,Annual Member,Yes
519,7338,12/12/2021 20:27,7338,12/12/2021 20:36,Annual Member,No
294,7238,12/12/2021 21:04,7662,12/12/2021 21:09,Annual Member,No
497,7422,12/12/2021 21:39,7662,12/12/2021 21:47,Annual Member,No
1507,7144,12/13/2021 07:25,7338,12/13/2021 07:50,Annual Member,Yes
980,7640,12/13/2021 07:29,7293,12/13/2021 07:46,Annual Member,Yes
291,7389,12/13/2021 08:11,7293,12/13/2021 08:16,Casual Member,No
550,7399,12/13/2021 08:27,7107,12/13/2021 08:36,Annual Member,No
483,7292,12/13/2021 08:41,7293,12/13/2021 08:49,Annual Member,No
1411,7594,12/13/2021 08:45,7293,12/13/2021 09:08,Casual Member,Yes
210,7078,12/13/2021 08:49,7293,12/13/2021 08:52,Annual Member,No
871,7177,12/13/2021 08:50,7662,12/13/2021 09:05,Annual Member,No
453,7004,12/13/2021 09:04,7293,12/13/2021 09:12,Annual Member,No
639,7549,12/13/2021 09:05,7293,12/13/2021 09:16,Annual Member,No
625,7549,12/13/2021 09:11,7293,12/13/2021 09:21,Annual Member,No
632,7014,12/13/2021 09:43,7293,12/13/2021 09:53,Annual Member,No
202,7047,12/13/2021 10:10,7293,12/13/2021 10:13,Annual Member,No
684,7281,12/13/2021 10:13,7293,12/13/2021 10:24,Annual Member,No
691,7419,12/13/2021 10:14,7293,12/13/2021 10:26,Annual Member,No
433,7006,12/13/2021 10:17,7293,12/13/2021 10:24,Annual Member,No
412,7422,12/13/2021 10:51,7662,12/13/2021 10:57,Annual Member,No
1237,7129,12/13/2021 11:01,7338,12/13/2021 11:22,Casual Member,Yes
514,7089,12/13/2021 12:23,7293,12/13/2021 12:31,Annual Member,No
425,7687,12/13/2021 12:23,7249,12/13/2021 12:30,Annual Member,No
441,7014,12/13/2021 13:08,7293,12/13/2021 13:15,Annual Member,No
1128,7357,12/13/2021 13:20,7338,12/13/2021 13:39,Casual Member,Yes
1329,7005,12/13/2021 13:32,7338,12/13/2021 13:55,Annual Member,Yes
474,7163,12/13/2021 13:50,7293,12/13/2021 13:58,Annual Member,No
188,7136,12/13/2021 13:57,7662,12/13/2021 14:00,Annual Member,No
623,7430,12/13/2021 14:28,7662,12/13/2021 14:39,Casual Member,No
990,7207,12/13/2021 15:18,7293,12/13/2021 15:34,Casual Member,Yes
162,7007,12/13/2021 15:54,7293,12/13/2021 15:57,Annual Member,No
299,7030,12/13/2021 16:06,7293,12/13/2021 16:11,Annual Member,No
151,7007,12/13/2021 17:03,7293,12/13/2021 17:06,Annual Member,No
337,7548,12/13/2021 17:08,7293,12/13/2021 17:13,Annual Member,No
1631,7090,12/13/2021 17:15,7107,12/13/2021 17:42,Annual Member,Yes
855,7144,12/13/2021 17:45,7293,12/13/2021 17:59,Annual Member,No
442,7281,12/13/2021 18:08,7293,12/13/2021 18:15,Annual Member,No
226,7190,12/13/2021 18:11,7293,12/13/2021 18:15,Casual Member,No
503,7252,12/13/2021 18:18,7293,12/13/2021 18:26,Annual Member,No
219,7190,12/13/2021 18:19,7293,12/13/2021 18:23,Annual Member,No
270,7131,12/13/2021 18:23,7293,12/13/2021 18:28,Annual Member,No
285,7230,12/13/2021 18:25,7662,12/13/2021 18:30,Annual Member,No
154,7007,12/13/2021 18:29,7293,12/13/2021 18:31,Annual Member,No
249,7450,12/13/2021 19:42,7338,12/13/2021 19:46,Casual Member,No
289,7006,12/13/2021 21:38,7293,12/13/2021 21:43,Annual Member,No
1345,7275,12/13/2021 21:40,7338,12/13/2021 22:03,Annual Member,Yes
978,7252,12/13/2021 22:00,7293,12/13/2021 22:17,Annual Member,Yes
382,7389,12/13/2021 22:32,7293,12/13/2021 22:39,Annual Member,No
377,7524,12/14/2021 01:29,7662,12/14/2021 01:35,Annual Member,No
173,7546,12/14/2021 08:28,7293,12/14/2021 08:31,Annual Member,No
264,7543,12/14/2021 08:37,7293,12/14/2021 08:41,Annual Member,No
651,7285,12/14/2021 08:57,7293,12/14/2021 09:08,Casual Member,No
658,7042,12/14/2021 08:57,7293,12/14/2021 09:08,Annual Member,No
603,7409,12/14/2021 09:36,7293,12/14/2021 09:46,Annual Member,No
360,7022,12/14/2021 09:45,7293,12/14/2021 09:51,Annual Member,No
892,7170,12/14/2021 11:30,7293,12/14/2021 11:45,Casual Member,No
828,7170,12/14/2021 11:31,7293,12/14/2021 11:45,Casual Member,No
307,7006,12/14/2021 12:05,7293,12/14/2021 12:10,Annual Member,No
381,7131,12/14/2021 13:47,7293,12/14/2021 13:53,Annual Member,No
118,7502,12/14/2021 13:50,7293,12/14/2021 13:52,Casual Member,No
254,7271,12/14/2021 13:51,7293,12/14/2021 13:55,Annual Member,No
1107,7357,12/14/2021 14:16,7338,12/14/2021 14:34,Casual Member,Yes
272,7318,12/14/2021 14:32,7428,12/14/2021 14:36,Annual Member,No
414,7058,12/14/2021 14:52,7293,12/14/2021 14:58,Annual Member,No
746,7398,12/14/2021 14:59,7107,12/14/2021 15:11,Annual Member,No
959,7382,12/14/2021 15:00,7107,12/14/2021 15:16,Annual Member,Yes
491,7247,12/14/2021 15:06,7249,12/14/2021 15:14,Annual Member,No
1281,7578,12/14/2021 16:04,7249,12/14/2021 16:25,Annual Member,Yes
404,7337,12/14/2021 16:20,7338,12/14/2021 16:27,Casual Member,No
454,7344,12/14/2021 16:29,7107,12/14/2021 16:37,Annual Member,No
232,7340,12/14/2021 16:49,7338,12/14/2021 16:53,Annual Member,No
336,7217,12/14/2021 17:04,7293,12/14/2021 17:10,Annual Member,No
257,7170,12/14/2021 17:32,7293,12/14/2021 17:36,Annual Member,No
2293,7263,12/14/2021 17:37,7249,12/14/2021 18:15,Annual Member,Yes
1035,7014,12/14/2021 17:58,7338,12/14/2021 18:15,Annual Member,Yes
2048,7339,12/14/2021 18:04,7338,12/14/2021 18:38,Casual Member,Yes
331,7044,12/14/2021 18:06,7293,12/14/2021 18:11,Annual Member,No
1140,7259,12/14/2021 18:12,7107,12/14/2021 18:31,Casual Member,Yes
455,7074,12/14/2021 18:21,7107,12/14/2021 18:29,Annual Member,No
727,7385,12/14/2021 18:38,7293,12/14/2021 18:50,Annual Member,No
311,7543,12/14/2021 18:43,7293,12/14/2021 18:48,Annual Member,No
1055,7207,12/14/2021 18:53,7662,12/14/2021 19:10,Casual Member,Yes
780,7100,12/14/2021 18:54,7107,12/14/2021 19:07,Annual Member,No
959,7293,12/14/2021 19:21,7293,12/14/2021 19:37,Annual Member,Yes
447,7104,12/14/2021 19:24,7107,12/14/2021 19:31,Casual Member,No
450,7104,12/14/2021 19:24,7107,12/14/2021 19:31,Casual Member,No
410,7027,12/14/2021 19:33,7293,12/14/2021 19:40,Annual Member,No
148,7136,12/14/2021 19:41,7662,12/14/2021 19:44,Annual Member,No
430,7148,12/14/2021 20:02,7662,12/14/2021 20:09,Annual Member,No
346,7193,12/14/2021 20:44,7662,12/14/2021 20:50,Casual Member,No
529,7103,12/14/2021 21:34,7338,12/14/2021 21:43,Annual Member,No
976,7150,12/15/2021 08:32,7293,12/15/2021 08:49,Annual Member,Yes
613,7409,12/15/2021 08:33,7293,12/15/2021 08:43,Annual Member,No
637,7051,12/15/2021 08:34,7293,12/15/2021 08:45,Annual Member,No
234,7546,12/15/2021 08:40,7293,12/15/2021 08:44,Annual Member,No
501,7443,12/15/2021 08:43,7293,12/15/2021 08:51,Annual Member,No
505,7418,12/15/2021 08:49,7293,12/15/2021 08:57,Annual Member,No
318,7008,12/15/2021 08:53,7293,12/15/2021 08:58,Annual Member,No
514,7055,12/15/2021 08:59,7293,12/15/2021 09:08,Casual Member,No
864,7073,12/15/2021 09:04,7293,12/15/2021 09:18,Annual Member,No
607,7114,12/15/2021 09:04,7293,12/15/2021 09:14,Annual Member,No
832,7549,12/15/2021 09:05,7293,12/15/2021 09:19,Annual Member,No
117,7007,12/15/2021 09:13,7293,12/15/2021 09:15,Annual Member,No
635,7014,12/15/2021 09:44,7293,12/15/2021 09:54,Annual Member,No
651,7544,12/15/2021 09:49,7293,12/15/2021 10:00,Casual Member,No
649,7002,12/15/2021 09:59,7293,12/15/2021 10:10,Annual Member,No
422,7433,12/15/2021 10:51,7338,12/15/2021 10:58,Annual Member,No
70,7365,12/15/2021 11:33,7428,12/15/2021 11:34,Annual Member,No
1049,7357,12/15/2021 11:59,7338,12/15/2021 12:16,Casual Member,Yes
264,7235,12/15/2021 12:20,7293,12/15/2021 12:25,Annual Member,No
927,7252,12/15/2021 12:34,7293,12/15/2021 12:50,Annual Member,Yes
426,7548,12/15/2021 12:58,7293,12/15/2021 13:05,Annual Member,No
219,7257,12/15/2021 12:59,7293,12/15/2021 13:03,Annual Member,No
440,7292,12/15/2021 13:05,7293,12/15/2021 13:12,Annual Member,No
553,7544,12/15/2021 13:24,7293,12/15/2021 13:33,Annual Member,No
548,7079,12/15/2021 13:28,7293,12/15/2021 13:37,Annual Member,No
653,7078,12/15/2021 13:29,7293,12/15/2021 13:40,Annual Member,No
168,7097,12/15/2021 13:42,7338,12/15/2021 13:45,Annual Member,No
482,7147,12/15/2021 15:30,7662,12/15/2021 15:38,Annual Member,No
441,7472,12/15/2021 16:18,7293,12/15/2021 16:26,Annual Member,No
554,7373,12/15/2021 16:20,7107,12/15/2021 16:30,Annual Member,No
392,7077,12/15/2021 16:51,7293,12/15/2021 16:58,Annual Member,No
1037,7059,12/15/2021 17:48,7249,12/15/2021 18:06,Annual Member,Yes
689,7656,12/15/2021 17:53,7249,12/15/2021 18:05,Annual Member,No
2155,7339,12/15/2021 17:57,7338,12/15/2021 18:33,Casual Member,Yes
292,7044,12/15/2021 18:03,7293,12/15/2021 18:07,Annual Member,No
312,7079,12/15/2021 18:06,7293,12/15/2021 18:11,Annual Member,No
1301,7275,12/15/2021 18:11,7338,12/15/2021 18:33,Annual Member,Yes
672,7261,12/15/2021 18:20,7107,12/15/2021 18:31,Casual Member,No
658,7261,12/15/2021 18:20,7107,12/15/2021 18:31,Casual Member,No
468,7121,12/15/2021 18:39,7293,12/15/2021 18:46,Casual Member,No
217,7136,12/15/2021 18:39,7662,12/15/2021 18:42,Annual Member,No
1048,7232,12/15/2021 18:47,7662,12/15/2021 19:04,Annual Member,Yes
1441,7211,12/15/2021 18:52,7107,12/15/2021 19:16,Annual Member,Yes
1578,7198,12/15/2021 19:31,7662,12/15/2021 19:57,Annual Member,Yes
748,7042,12/15/2021 20:03,7293,12/15/2021 20:15,Annual Member,No
1040,7357,12/15/2021 20:57,7338,12/15/2021 21:14,Annual Member,Yes
236,7006,12/15/2021 21:56,7293,12/15/2021 22:00,Annual Member,No
306,7095,12/15/2021 22:30,7338,12/15/2021 22:35,Annual Member,No
342,7548,12/15/2021 23:10,7293,12/15/2021 23:16,Annual Member,No
2021,7017,12/15/2021 23:28,7662,12/16/2021 00:01,Annual Member,Yes
1529,7017,12/15/2021 23:28,7662,12/15/2021 23:53,Annual Member,Yes
864,7339,12/15/2021 23:58,7338,12/16/2021 00:12,Casual Member,No
1171,7324,12/15/2021 23:59,7662,12/16/2021 00:18,Casual Member,Yes
800,7360,12/16/2021 07:41,7662,12/16/2021 07:54,Annual Member,No
330,7002,12/16/2021 08:26,7293,12/16/2021 08:32,Annual Member,No
1025,7150,12/16/2021 08:49,7293,12/16/2021 09:06,Annual Member,Yes
330,7002,12/16/2021 09:22,7293,12/16/2021 09:28,Annual Member,No
448,7367,12/16/2021 09:42,7662,12/16/2021 09:49,Annual Member,No
463,7001,12/16/2021 10:05,7293,12/16/2021 10:13,Casual Member,No
905,7427,12/16/2021 10:15,7428,12/16/2021 10:30,Casual Member,Yes
447,7163,12/16/2021 10:43,7293,12/16/2021 10:51,Annual Member,No
402,7544,12/16/2021 11:14,7293,12/16/2021 11:21,Annual Member,No
569,7419,12/16/2021 11:14,7293,12/16/2021 11:24,Annual Member,No
196,7104,12/16/2021 11:47,7107,12/16/2021 11:50,Annual Member,No
1014,7282,12/16/2021 12:24,7107,12/16/2021 12:41,Annual Member,Yes
490,7016,12/16/2021 12:32,7107,12/16/2021 12:40,Casual Member,No
891,7038,12/16/2021 13:06,7249,12/16/2021 13:21,Annual Member,No
548,7335,12/16/2021 13:08,7293,12/16/2021 13:17,Annual Member,No
322,7063,12/16/2021 14:39,7293,12/16/2021 14:45,Annual Member,No
2018,7009,12/16/2021 15:05,7662,12/16/2021 15:39,Annual Member,Yes
556,7544,12/16/2021 15:52,7293,12/16/2021 16:01,Annual Member,No
332,7199,12/16/2021 16:10,7293,12/16/2021 16:16,Annual Member,No
786,7399,12/16/2021 17:03,7107,12/16/2021 17:16,Casual Member,No
762,7399,12/16/2021 17:03,7107,12/16/2021 17:16,Casual Member,No
1443,7283,12/16/2021 17:16,7338,12/16/2021 17:40,Annual Member,Yes
916,7045,12/16/2021 17:17,7107,12/16/2021 17:32,Annual Member,Yes
319,7238,12/16/2021 17:18,7662,12/16/2021 17:24,Annual Member,No
509,7055,12/16/2021 17:25,7293,12/16/2021 17:33,Casual Member,No
448,7009,12/16/2021 17:52,7107,12/16/2021 18:00,Annual Member,No
447,7164,12/16/2021 17:56,7293,12/16/2021 18:03,Annual Member,No
383,7337,12/16/2021 18:06,7338,12/16/2021 18:13,Casual Member,No
682,7342,12/16/2021 18:10,7338,12/16/2021 18:21,Casual Member,No
427,7418,12/16/2021 18:23,7293,12/16/2021 18:30,Annual Member,No
718,7329,12/16/2021 18:26,7662,12/16/2021 18:38,Casual Member,No
911,7389,12/16/2021 19:01,7107,12/16/2021 19:16,Annual Member,Yes
466,7105,12/16/2021 19:30,7107,12/16/2021 19:38,Annual Member,No
1234,7256,12/16/2021 20:30,7662,12/16/2021 20:50,Annual Member,Yes
330,7094,12/16/2021 20:44,7338,12/16/2021 20:49,Casual Member,No
219,7346,12/16/2021 20:57,7338,12/16/2021 21:01,Casual Member,No
809,7149,12/16/2021 21:09,7249,12/16/2021 21:22,Annual Member,No
686,7055,12/16/2021 22:58,7293,12/16/2021 23:10,Annual Member,No
329,7163,12/17/2021 00:52,7293,12/17/2021 00:57,Annual Member,No
739,7342,12/17/2021 08:24,7338,12/17/2021 08:36,Annual Member,No
1596,7372,12/17/2021 08:27,7662,12/17/2021 08:53,Casual Member,Yes
439,7399,12/17/2021 09:20,7107,12/17/2021 09:27,Annual Member,No
1093,7311,12/17/2021 09:27,7107,12/17/2021 09:45,Annual Member,Yes
451,7001,12/17/2021 09:34,7293,12/17/2021 09:41,Casual Member,No
573,7292,12/17/2021 09:37,7293,12/17/2021 09:46,Annual Member,No
155,7205,12/17/2021 09:38,7249,12/17/2021 09:41,Annual Member,No
209,7078,12/17/2021 10:05,7293,12/17/2021 10:08,Annual Member,No
528,7002,12/17/2021 10:07,7293,12/17/2021 10:16,Annual Member,No
167,7502,12/17/2021 10:13,7293,12/17/2021 10:16,Annual Member,No
794,7654,12/17/2021 12:02,7249,12/17/2021 12:15,Annual Member,No
1293,7400,12/17/2021 12:44,7338,12/17/2021 13:05,Annual Member,Yes
1356,7357,12/17/2021 12:47,7338,12/17/2021 13:10,Casual Member,Yes
739,7114,12/17/2021 12:54,7338,12/17/2021 13:07,Casual Member,No
1053,7270,12/17/2021 13:07,7107,12/17/2021 13:24,Casual Member,Yes
136,7007,12/17/2021 13:12,7293,12/17/2021 13:14,Annual Member,No
1582,7209,12/17/2021 13:13,7293,12/17/2021 13:39,Annual Member,Yes
1304,7150,12/17/2021 13:19,7293,12/17/2021 13:40,Annual Member,Yes
484,7273,12/17/2021 13:32,7293,12/17/2021 13:40,Annual Member,No
527,7483,12/17/2021 13:59,7428,12/17/2021 14:08,Annual Member,No
414,7544,12/17/2021 14:10,7293,12/17/2021 14:17,Annual Member,No
763,7059,12/17/2021 14:59,7107,12/17/2021 15:11,Annual Member,No
802,7121,12/17/2021 15:52,7293,12/17/2021 16:05,Annual Member,No
289,7330,12/17/2021 15:57,7428,12/17/2021 16:02,Casual Member,No
812,7433,12/17/2021 15:59,7428,12/17/2021 16:12,Casual Member,No
574,7536,12/17/2021 16:16,7249,12/17/2021 16:25,Casual Member,No
464,7646,12/17/2021 16:23,7293,12/17/2021 16:31,Casual Member,No
1048,7549,12/17/2021 16:29,7293,12/17/2021 16:47,Annual Member,Yes
496,7148,12/17/2021 16:36,7662,12/17/2021 16:44,Casual Member,No
1381,7283,12/17/2021 17:03,7338,12/17/2021 17:26,Annual Member,Yes
217,7170,12/17/2021 17:21,7293,12/17/2021 17:24,Annual Member,No
1232,7391,12/17/2021 17:37,7249,12/17/2021 17:57,Annual Member,Yes
1192,7391,12/17/2021 17:38,7249,12/17/2021 17:57,Annual Member,Yes
1523,7489,12/17/2021 17:38,7249,12/17/2021 18:04,Annual Member,Yes
1349,7198,12/17/2021 17:53,7293,12/17/2021 18:16,Annual Member,Yes
507,7077,12/17/2021 18:08,7293,12/17/2021 18:17,Annual Member,No
525,7150,12/17/2021 18:30,7249,12/17/2021 18:38,Annual Member,No
1036,7206,12/17/2021 19:26,7662,12/17/2021 19:43,Annual Member,Yes
1163,7245,12/17/2021 19:31,7249,12/17/2021 19:50,Casual Member,Yes
524,7103,12/17/2021 19:56,7107,12/17/2021 20:05,Annual Member,No
1270,7483,12/17/2021 20:02,7338,12/17/2021 20:24,Casual Member,Yes
421,7079,12/17/2021 20:28,7293,12/17/2021 20:35,Annual Member,No
1753,7205,12/17/2021 20:38,7338,12/17/2021 21:07,Casual Member,Yes
2003,7596,12/17/2021 21:15,7249,12/17/2021 21:49,Casual Member,Yes
1110,7102,12/17/2021 21:43,7662,12/17/2021 22:01,Annual Member,Yes
223,7066,12/17/2021 22:00,7293,12/17/2021 22:03,Annual Member,No
287,7030,12/17/2021 22:18,7293,12/17/2021 22:23,Annual Member,No
731,7336,12/17/2021 23:14,7428,12/17/2021 23:26,Annual Member,No
734,7336,12/17/2021 23:14,7428,12/17/2021 23:27,Annual Member,No
493,7067,12/18/2021 02:18,7107,12/18/2021 02:26,Casual Member,No
451,7001,12/18/2021 09:53,7293,12/18/2021 10:01,Casual Member,No
689,7054,12/18/2021 11:42,7293,12/18/2021 11:53,Annual Member,No
509,7336,12/18/2021 13:34,7428,12/18/2021 13:42,Casual Member,No
800,7365,12/18/2021 14:20,7428,12/18/2021 14:33,Casual Member,No
265,7162,12/18/2021 15:48,7293,12/18/2021 15:52,Annual Member,No
554,7148,12/18/2021 17:21,7662,12/18/2021 17:30,Casual Member,No
612,7113,12/18/2021 17:56,7293,12/18/2021 18:06,Annual Member,No
1134,7246,12/18/2021 18:05,7293,12/18/2021 18:24,Annual Member,Yes
1407,7483,12/18/2021 19:16,7338,12/18/2021 19:39,Casual Member,Yes
466,7418,12/18/2021 19:40,7293,12/18/2021 19:48,Casual Member,No
558,7384,12/18/2021 20:58,7293,12/18/2021 21:08,Annual Member,No
154,7136,12/18/2021 23:52,7662,12/18/2021 23:55,Annual Member,No
1207,7239,12/18/2021 23:56,7662,12/19/2021 00:16,Casual Member,Yes
1134,7239,12/18/2021 23:57,7662,12/19/2021 00:16,Casual Member,Yes
787,7217,12/19/2021 10:30,7249,12/19/2021 10:43,Annual Member,No
491,7365,12/19/2021 11:18,7428,12/19/2021 11:27,Casual Member,No
518,7273,12/19/2021 12:02,7293,12/19/2021 12:11,Annual Member,No
587,7121,12/19/2021 13:14,7293,12/19/2021 13:23,Casual Member,No
736,7083,12/19/2021 14:02,7428,12/19/2021 14:15,Annual Member,No
633,7035,12/19/2021 15:01,7662,12/19/2021 15:12,Annual Member,No
1288,7016,12/19/2021 15:24,7107,12/19/2021 15:45,Casual Member,Yes
181,7575,12/19/2021 15:58,7107,12/19/2021 16:01,Annual Member,No
1661,7234,12/19/2021 16:30,7662,12/19/2021 16:57,Casual Member,Yes
1174,7245,12/19/2021 16:50,7662,12/19/2021 17:10,Annual Member,Yes
774,7309,12/19/2021 16:54,7338,12/19/2021 17:07,Casual Member,No
329,7193,12/19/2021 17:54,7662,12/19/2021 17:59,Casual Member,No
505,7234,12/19/2021 18:01,7662,12/19/2021 18:09,Annual Member,No
1195,7002,12/19/2021 18:30,7249,12/19/2021 18:50,Casual Member,Yes
368,7077,12/19/2021 21:26,7293,12/19/2021 21:32,Casual Member,No
226,7238,12/20/2021 03:29,7662,12/20/2021 03:33,Annual Member,No
954,7386,12/20/2021 06:01,7293,12/20/2021 06:17,Casual Member,Yes
622,7079,12/20/2021 08:48,7293,12/20/2021 08:58,Annual Member,No
539,7055,12/20/2021 09:12,7293,12/20/2021 09:21,Casual Member,No
990,7013,12/20/2021 09:14,7293,12/20/2021 09:31,Annual Member,Yes
666,7287,12/20/2021 10:14,7107,12/20/2021 10:26,Casual Member,No
401,7217,12/20/2021 10:27,7293,12/20/2021 10:33,Annual Member,No
76,7365,12/20/2021 10:36,7428,12/20/2021 10:38,Annual Member,No
802,7443,12/20/2021 11:12,7107,12/20/2021 11:25,Annual Member,No
1000,7525,12/20/2021 11:31,7293,12/20/2021 11:48,Casual Member,Yes
818,7029,12/20/2021 12:43,7293,12/20/2021 12:57,Annual Member,No
467,7017,12/20/2021 12:50,7293,12/20/2021 12:58,Annual Member,No
1077,7525,12/20/2021 12:58,7293,12/20/2021 13:16,Casual Member,Yes
617,7048,12/20/2021 12:59,7107,12/20/2021 13:09,Annual Member,No
1018,7138,12/20/2021 13:27,7293,12/20/2021 13:44,Annual Member,Yes
631,7344,12/20/2021 13:58,7107,12/20/2021 14:08,Annual Member,No
1311,7686,12/20/2021 13:58,7107,12/20/2021 14:20,Casual Member,Yes
1197,7686,12/20/2021 14:00,7107,12/20/2021 14:20,Casual Member,Yes
1286,7523,12/20/2021 14:11,7662,12/20/2021 14:33,Casual Member,Yes
576,7273,12/20/2021 14:49,7293,12/20/2021 14:59,Casual Member,No
678,7350,12/20/2021 14:50,7338,12/20/2021 15:01,Casual Member,No
1426,7283,12/20/2021 16:23,7338,12/20/2021 16:47,Annual Member,Yes
284,7238,12/20/2021 16:40,7662,12/20/2021 16:44,Annual Member,No
348,7292,12/20/2021 16:48,7293,12/20/2021 16:54,Annual Member,No
713,7140,12/20/2021 17:05,7293,12/20/2021 17:17,Annual Member,No
613,7135,12/20/2021 17:32,7662,12/20/2021 17:43,Casual Member,No
1336,7599,12/20/2021 17:43,7249,12/20/2021 18:05,Annual Member,Yes
489,7686,12/20/2021 18:04,7107,12/20/2021 18:12,Annual Member,No
508,7074,12/20/2021 18:47,7107,12/20/2021 18:55,Annual Member,No
411,7006,12/20/2021 19:28,7293,12/20/2021 19:34,Annual Member,No
295,7506,12/20/2021 19:59,7107,12/20/2021 20:04,Casual Member,No
788,7385,12/20/2021 23:35,7293,12/20/2021 23:48,Annual Member,No
1663,7354,12/21/2021 01:20,7338,12/21/2021 01:48,Casual Member,Yes
238,7238,12/21/2021 03:18,7662,12/21/2021 03:22,Annual Member,No
856,7068,12/21/2021 08:01,7428,12/21/2021 08:16,Annual Member,No
276,7163,12/21/2021 08:50,7293,12/21/2021 08:54,Annual Member,No
868,7073,12/21/2021 08:52,7293,12/21/2021 09:06,Annual Member,No
400,7039,12/21/2021 10:37,7293,12/21/2021 10:44,Annual Member,No
683,7419,12/21/2021 10:42,7293,12/21/2021 10:53,Annual Member,No
200,7006,12/21/2021 11:07,7293,12/21/2021 11:10,Annual Member,No
1305,7329,12/21/2021 11:49,7293,12/21/2021 12:10,Annual Member,Yes
350,7257,12/21/2021 11:52,7293,12/21/2021 11:58,Casual Member,No
381,7022,12/21/2021 11:53,7293,12/21/2021 11:59,Annual Member,No
173,7346,12/21/2021 12:07,7338,12/21/2021 12:10,Annual Member,No
307,7023,12/21/2021 12:50,7293,12/21/2021 12:55,Annual Member,No
272,7093,12/21/2021 12:56,7338,12/21/2021 13:01,Casual Member,No
555,7121,12/21/2021 13:57,7293,12/21/2021 14:06,Annual Member,No
1018,7150,12/21/2021 14:24,7293,12/21/2021 14:41,Annual Member,Yes
463,7543,12/21/2021 14:43,7293,12/21/2021 14:50,Annual Member,No
662,7350,12/21/2021 14:55,7338,12/21/2021 15:06,Casual Member,No
1030,7354,12/21/2021 15:06,7428,12/21/2021 15:23,Casual Member,Yes
954,7256,12/21/2021 16:11,7662,12/21/2021 16:26,Annual Member,Yes
561,7169,12/21/2021 16:47,7107,12/21/2021 16:57,Annual Member,No
573,7270,12/21/2021 16:50,7293,12/21/2021 16:59,Annual Member,No
493,7399,12/21/2021 16:51,7107,12/21/2021 16:59,Annual Member,No
775,7357,12/21/2021 17:27,7428,12/21/2021 17:40,Casual Member,No
184,7136,12/21/2021 17:47,7662,12/21/2021 17:50,Annual Member,No
511,7074,12/21/2021 18:26,7107,12/21/2021 18:35,Annual Member,No
484,7121,12/21/2021 18:54,7293,12/21/2021 19:02,Casual Member,No
820,7339,12/21/2021 19:09,7338,12/21/2021 19:23,Casual Member,No
962,7259,12/21/2021 19:25,7107,12/21/2021 19:41,Casual Member,Yes
605,7055,12/21/2021 20:04,7293,12/21/2021 20:14,Annual Member,No
1352,7102,12/21/2021 21:44,7662,12/21/2021 22:07,Annual Member,Yes
1143,7046,12/21/2021 21:58,7249,12/21/2021 22:17,Annual Member,Yes
1089,7339,12/22/2021 00:23,7338,12/22/2021 00:42,Casual Member,Yes
290,7030,12/22/2021 00:29,7293,12/22/2021 00:34,Casual Member,No
645,7549,12/22/2021 08:16,7293,12/22/2021 08:27,Annual Member,No
446,7001,12/22/2021 09:48,7293,12/22/2021 09:56,Casual Member,No
980,7302,12/22/2021 10:37,7249,12/22/2021 10:53,Annual Member,Yes
1721,7479,12/22/2021 11:19,7293,12/22/2021 11:47,Annual Member,Yes
237,7346,12/22/2021 13:05,7338,12/22/2021 13:09,Casual Member,No
1017,7453,12/22/2021 14:01,7107,12/22/2021 14:17,Annual Member,Yes
259,7101,12/22/2021 15:03,7107,12/22/2021 15:07,Casual Member,No
570,7013,12/22/2021 15:05,7107,12/22/2021 15:14,Casual Member,No
425,7163,12/22/2021 15:49,7293,12/22/2021 15:56,Annual Member,No
484,7197,12/22/2021 15:50,7662,12/22/2021 15:58,Annual Member,No
803,7199,12/22/2021 16:18,7293,12/22/2021 16:31,Casual Member,No
694,7034,12/22/2021 17:15,7293,12/22/2021 17:27,Annual Member,No
462,7148,12/22/2021 17:16,7662,12/22/2021 17:24,Casual Member,No
398,7337,12/22/2021 17:18,7338,12/22/2021 17:24,Casual Member,No
908,7324,12/22/2021 17:28,7293,12/22/2021 17:44,Casual Member,Yes
458,7074,12/22/2021 18:10,7107,12/22/2021 18:17,Annual Member,No
532,7002,12/22/2021 19:17,7293,12/22/2021 19:26,Casual Member,No
968,7363,12/22/2021 19:17,7293,12/22/2021 19:33,Annual Member,Yes
427,7662,12/22/2021 20:14,7662,12/22/2021 20:21,Casual Member,No
1014,7483,12/22/2021 20:35,7338,12/22/2021 20:52,Casual Member,Yes
296,7197,12/23/2021 00:07,7249,12/23/2021 00:12,Annual Member,No
254,7006,12/23/2021 09:10,7293,12/23/2021 09:14,Casual Member,No
233,7491,12/23/2021 09:54,7293,12/23/2021 09:58,Annual Member,No
917,7382,12/23/2021 11:19,7107,12/23/2021 11:34,Annual Member,Yes
395,7367,12/23/2021 11:55,7662,12/23/2021 12:02,Annual Member,No
289,7346,12/23/2021 13:24,7338,12/23/2021 13:29,Casual Member,No
1037,7535,12/23/2021 13:34,7662,12/23/2021 13:51,Annual Member,Yes
1079,7385,12/23/2021 15:14,7293,12/23/2021 15:32,Annual Member,Yes
1158,7533,12/23/2021 15:43,7107,12/23/2021 16:02,Casual Member,Yes
671,7281,12/23/2021 15:48,7293,12/23/2021 16:00,Annual Member,No
599,7281,12/23/2021 15:50,7293,12/23/2021 16:00,Annual Member,No
746,7104,12/23/2021 15:54,7338,12/23/2021 16:06,Annual Member,No
340,7633,12/23/2021 15:55,7662,12/23/2021 16:00,Annual Member,No
460,7337,12/23/2021 16:13,7338,12/23/2021 16:21,Casual Member,No
0,7311,12/23/2021 16:36,7662,12/23/2021 16:36,Annual Member,No
1510,7052,12/23/2021 16:46,7662,12/23/2021 17:11,Annual Member,Yes
256,7230,12/23/2021 16:53,7662,12/23/2021 16:58,Annual Member,No
665,7521,12/23/2021 17:40,7662,12/23/2021 17:51,Annual Member,No
624,7337,12/23/2021 18:44,7338,12/23/2021 18:54,Annual Member,No
401,7418,12/23/2021 18:53,7293,12/23/2021 19:00,Annual Member,No
1157,7206,12/23/2021 19:14,7662,12/23/2021 19:33,Annual Member,Yes
1123,7206,12/23/2021 19:14,7662,12/23/2021 19:33,Annual Member,Yes
810,7311,12/23/2021 20:28,7293,12/23/2021 20:41,Annual Member,No
553,7356,12/23/2021 20:54,7107,12/23/2021 21:03,Annual Member,No
1167,7339,12/24/2021 02:56,7338,12/24/2021 03:15,Casual Member,Yes
611,7019,12/24/2021 09:24,7107,12/24/2021 09:34,Annual Member,No
2212,7131,12/24/2021 10:59,7662,12/24/2021 11:36,Casual Member,Yes
915,7001,12/24/2021 12:45,7293,12/24/2021 13:00,Casual Member,Yes
741,7149,12/24/2021 14:40,7249,12/24/2021 14:53,Annual Member,No
280,7230,12/24/2021 15:01,7662,12/24/2021 15:06,Casual Member,No
2023,7551,12/24/2021 15:24,7249,12/24/2021 15:58,Annual Member,Yes
1994,7551,12/24/2021 15:25,7249,12/24/2021 15:58,Casual Member,Yes
1953,7551,12/24/2021 15:26,7249,12/24/2021 15:58,Casual Member,Yes
1347,7483,12/24/2021 17:28,7338,12/24/2021 17:50,Casual Member,Yes
1218,7043,12/24/2021 17:45,7107,12/24/2021 18:05,Annual Member,Yes
1407,7030,12/24/2021 18:32,7107,12/24/2021 18:55,Casual Member,Yes
238,7346,12/24/2021 18:47,7338,12/24/2021 18:51,Casual Member,No
1578,7232,12/24/2021 19:30,7662,12/24/2021 19:56,Casual Member,Yes
356,7098,12/24/2021 22:21,7338,12/24/2021 22:27,Casual Member,No
393,7418,12/24/2021 22:40,7293,12/24/2021 22:46,Casual Member,No
741,7171,12/25/2021 13:12,7662,12/25/2021 13:24,Annual Member,No
583,7339,12/25/2021 15:06,7338,12/25/2021 15:15,Casual Member,No
206,7097,12/25/2021 16:24,7338,12/25/2021 16:28,Casual Member,No
1610,7014,12/25/2021 18:58,7293,12/25/2021 19:24,Annual Member,Yes
1182,7339,12/25/2021 21:25,7338,12/25/2021 21:45,Casual Member,Yes
175,7427,12/26/2021 11:42,7428,12/26/2021 11:45,Casual Member,No
262,7251,12/26/2021 11:46,7293,12/26/2021 11:51,Annual Member,No
584,7429,12/26/2021 12:26,7428,12/26/2021 12:35,Annual Member,No
727,7090,12/26/2021 13:17,7338,12/26/2021 13:29,Annual Member,No
1301,7160,12/26/2021 13:59,7293,12/26/2021 14:21,Annual Member,Yes
1296,7160,12/26/2021 13:59,7293,12/26/2021 14:21,Annual Member,Yes
1941,7427,12/26/2021 14:39,7428,12/26/2021 15:11,Casual Member,Yes
522,7319,12/26/2021 15:01,7428,12/26/2021 15:09,Annual Member,No
1793,7662,12/26/2021 15:24,7662,12/26/2021 15:53,Annual Member,Yes
744,7339,12/26/2021 15:37,7338,12/26/2021 15:50,Casual Member,No
491,7009,12/26/2021 15:53,7107,12/26/2021 16:01,Annual Member,No
1257,7483,12/26/2021 16:15,7338,12/26/2021 16:36,Casual Member,Yes
165378,7103,12/26/2021 16:40,7107,12/28/2021 14:37,Casual Member,Yes
364,7418,12/26/2021 18:10,7293,12/26/2021 18:16,Annual Member,No
229,7346,12/26/2021 19:06,7338,12/26/2021 19:10,Casual Member,No
262,7136,12/26/2021 19:47,7662,12/26/2021 19:52,Annual Member,No
1649,7367,12/26/2021 19:58,7662,12/26/2021 20:26,Casual Member,Yes
1328,7496,12/26/2021 20:58,7662,12/26/2021 21:20,Casual Member,Yes
627,7418,12/27/2021 01:52,7293,12/27/2021 02:03,Casual Member,No
1244,7153,12/27/2021 13:47,7662,12/27/2021 14:08,Casual Member,Yes
472,7124,12/27/2021 17:00,7338,12/27/2021 17:08,Annual Member,No
517,7095,12/27/2021 17:50,7338,12/27/2021 17:59,Annual Member,No
1362,7076,12/27/2021 19:02,7107,12/27/2021 19:25,Casual Member,Yes
290,7285,12/27/2021 19:49,7293,12/27/2021 19:54,Casual Member,No
1202,7339,12/27/2021 20:33,7338,12/27/2021 20:53,Casual Member,Yes
760,7257,12/28/2021 09:03,7293,12/28/2021 09:16,Casual Member,No
782,7472,12/28/2021 12:23,7107,12/28/2021 12:36,Annual Member,No
198,7066,12/28/2021 12:36,7293,12/28/2021 12:39,Annual Member,No
358,7095,12/28/2021 12:39,7338,12/28/2021 12:45,Annual Member,No
1429,7458,12/28/2021 12:44,7107,12/28/2021 13:08,Casual Member,Yes
1427,7458,12/28/2021 12:44,7107,12/28/2021 13:08,Casual Member,Yes
575,7686,12/28/2021 13:07,7107,12/28/2021 13:16,Annual Member,No
211,7078,12/28/2021 13:20,7293,12/28/2021 13:24,Annual Member,No
375,7234,12/28/2021 14:29,7662,12/28/2021 14:35,Annual Member,No
804,7569,12/28/2021 14:38,7662,12/28/2021 14:51,Annual Member,No
625,7114,12/28/2021 14:52,7107,12/28/2021 15:02,Casual Member,No
202,7230,12/28/2021 15:25,7662,12/28/2021 15:29,Annual Member,No
370,7337,12/28/2021 15:48,7338,12/28/2021 15:54,Casual Member,No
2263,7354,12/28/2021 16:00,7107,12/28/2021 16:38,Casual Member,Yes
878,7337,12/28/2021 16:32,7107,12/28/2021 16:47,Casual Member,No
457,7204,12/28/2021 18:19,7249,12/28/2021 18:26,Annual Member,No
398,7337,12/28/2021 18:36,7338,12/28/2021 18:42,Casual Member,No
568,7032,12/28/2021 18:36,7249,12/28/2021 18:46,Casual Member,No
638,7119,12/28/2021 18:56,7338,12/28/2021 19:06,Annual Member,No
248,7235,12/28/2021 21:23,7293,12/28/2021 21:27,Annual Member,No
450,7236,12/28/2021 22:57,7107,12/28/2021 23:04,Annual Member,No
623,7102,12/29/2021 08:20,7293,12/29/2021 08:30,Annual Member,No
484,7091,12/29/2021 09:16,7338,12/29/2021 09:24,Annual Member,No
279,7389,12/29/2021 09:38,7293,12/29/2021 09:42,Casual Member,No
274,7063,12/29/2021 10:15,7293,12/29/2021 10:19,Casual Member,No
1034,7357,12/29/2021 12:21,7338,12/29/2021 12:38,Casual Member,Yes
265,7340,12/29/2021 13:36,7338,12/29/2021 13:40,Annual Member,No
1386,7156,12/29/2021 13:46,7662,12/29/2021 14:09,Casual Member,Yes
497,7197,12/29/2021 13:56,7662,12/29/2021 14:04,Casual Member,No
536,7197,12/29/2021 13:56,7662,12/29/2021 14:05,Casual Member,No
691,7686,12/29/2021 14:51,7107,12/29/2021 15:02,Annual Member,No
479,7039,12/29/2021 15:28,7293,12/29/2021 15:36,Annual Member,No
419,7028,12/29/2021 15:53,7293,12/29/2021 16:00,Casual Member,No
241,7346,12/29/2021 15:58,7338,12/29/2021 16:02,Casual Member,No
513,7148,12/29/2021 17:45,7662,12/29/2021 17:54,Annual Member,No
498,7666,12/29/2021 18:17,7662,12/29/2021 18:25,Casual Member,No
1795,7312,12/29/2021 18:32,7662,12/29/2021 19:02,Casual Member,Yes
1161,7610,12/29/2021 19:40,7338,12/29/2021 19:59,Casual Member,Yes
820,7102,12/29/2021 20:46,7107,12/29/2021 21:00,Annual Member,No
1666,7375,12/29/2021 23:13,7662,12/29/2021 23:41,Annual Member,Yes
800,7194,12/30/2021 03:07,7338,12/30/2021 03:20,Casual Member,No
383,7271,12/30/2021 09:35,7293,12/30/2021 09:41,Annual Member,No
185,7346,12/30/2021 11:26,7338,12/30/2021 11:29,Annual Member,No
920,7372,12/30/2021 11:39,7107,12/30/2021 11:54,Annual Member,Yes
972,7357,12/30/2021 13:53,7338,12/30/2021 14:10,Casual Member,Yes
1982,7609,12/30/2021 14:10,7338,12/30/2021 14:43,Casual Member,Yes
563,7239,12/30/2021 14:16,7293,12/30/2021 14:25,Annual Member,No
704,7196,12/30/2021 14:24,7293,12/30/2021 14:36,Annual Member,No
243,7340,12/30/2021 14:39,7338,12/30/2021 14:43,Annual Member,No
914,7420,12/30/2021 15:05,7293,12/30/2021 15:20,Casual Member,Yes
871,7420,12/30/2021 15:06,7293,12/30/2021 15:20,Casual Member,No
1360,7111,12/30/2021 15:33,7293,12/30/2021 15:56,Annual Member,Yes
385,7374,12/30/2021 15:45,7107,12/30/2021 15:51,Annual Member,No
412,7686,12/30/2021 16:01,7107,12/30/2021 16:08,Annual Member,No
532,7508,12/30/2021 16:58,7107,12/30/2021 17:07,Annual Member,No
1230,7656,12/30/2021 17:34,7662,12/30/2021 17:55,Annual Member,Yes
1637,7253,12/30/2021 17:52,7338,12/30/2021 18:19,Annual Member,Yes
150,7346,12/30/2021 17:59,7338,12/30/2021 18:02,Casual Member,No
512,7009,12/30/2021 18:03,7107,12/30/2021 18:11,Annual Member,No
127,7492,12/30/2021 19:13,7107,12/30/2021 19:15,Casual Member,No
888,7412,12/30/2021 20:29,7249,12/30/2021 20:43,Annual Member,No
322,7281,12/30/2021 20:30,7293,12/30/2021 20:35,Annual Member,No
789,7149,12/30/2021 20:51,7249,12/30/2021 21:04,Annual Member,No
255,7078,12/30/2021 20:52,7293,12/30/2021 20:56,Annual Member,No
507,7429,12/30/2021 22:58,7428,12/30/2021 23:06,Casual Member,No
417,7103,12/31/2021 09:53,7338,12/31/2021 10:00,Annual Member,No
405,7103,12/31/2021 09:53,7338,12/31/2021 10:00,Annual Member,No
367,7337,12/31/2021 12:38,7338,12/31/2021 12:45,Annual Member,No
957,7411,12/31/2021 13:01,7107,12/31/2021 13:17,Casual Member,Yes
3331,7368,12/31/2021 13:32,7249,12/31/2021 14:28,Casual Member,Yes
325,7238,12/31/2021 14:20,7662,12/31/2021 14:25,Annual Member,No
578,7344,12/31/2021 14:31,7107,12/31/2021 14:40,Casual Member,No
274,7230,12/31/2021 15:03,7662,12/31/2021 15:07,Annual Member,No
793,7333,12/31/2021 17:12,7293,12/31/2021 17:25,Annual Member,No
596,7445,12/31/2021 17:23,7338,12/31/2021 17:33,Casual Member,No
1888,7230,12/31/2021 17:54,7293,12/31/2021 18:25,Annual Member,Yes
696,7627,12/31/2021 18:00,7249,12/31/2021 18:12,Annual Member,No
147,7493,12/31/2021 18:12,7107,12/31/2021 18:15,Annual Member,No
2377,7001,12/31/2021 18:22,7107,12/31/2021 19:01,Casual Member,Yes
828,7043,12/31/2021 18:25,7107,12/31/2021 18:38,Annual Member,No
180,7190,12/31/2021 20:20,7293,12/31/2021 20:23,Annual Member,No
546,7473,12/31/2021 22:33,7249,12/31/2021 22:42,Annual Member,No
